{"cameraMode":{"drawMode":0,"name":"Shaded","section":"Shading Mode"},"sceneLighting":true,"audioPlay":false,"sceneViewState":{"m_AlwaysRefresh":false,"showFog":true,"showSkybox":true,"showFlares":true,"showImageEffects":true,"showParticleSystems":true,"showVisualEffectGraphs":true,"m_FxEnabled":true},"in2DMode":false,"pivot":{"x":93.34622192382813,"y":2.9052271842956545,"z":62.50486755371094},"rotation":{"x":0.0015105801867321134,"y":-0.47001928091049197,"z":-0.00935918465256691,"w":-0.8812155723571777},"size":21.269052505493165,"orthographic":false}