{"cameraMode":{"drawMode":0,"name":"Shaded","section":"Shading Mode"},"sceneLighting":false,"audioPlay":false,"sceneViewState":{"m_AlwaysRefresh":false,"showFog":true,"showSkybox":false,"showFlares":true,"showImageEffects":true,"showParticleSystems":true,"showVisualEffectGraphs":true,"m_FxEnabled":true},"in2DMode":false,"pivot":{"x":-0.10238100588321686,"y":-2.2274913787841799,"z":1.4552557468414307},"rotation":{"x":0.44876495003700259,"y":0.38010600209236147,"z":-0.21909861266613007,"w":0.7785434722900391},"size":2.3717081546783449,"orthographic":true}