{"cameraMode":{"drawMode":0,"name":"Shaded","section":"Shading Mode"},"sceneLighting":false,"audioPlay":false,"sceneViewState":{"m_AlwaysRefresh":false,"showFog":true,"showSkybox":false,"showFlares":true,"showImageEffects":true,"showParticleSystems":true,"showVisualEffectGraphs":true,"m_FxEnabled":true},"in2DMode":false,"pivot":{"x":18.721529006958009,"y":-0.09300899505615235,"z":0.5971593856811523},"rotation":{"x":-0.49350371956825259,"y":0.11748737841844559,"z":-0.06748732179403305,"w":-0.8591317534446716},"size":2.669269561767578,"orthographic":true}